study_hours,sleep_hours,pass_exam
4.370861069626263,6.093645469887248,0
9.556428757689245,5.975830392575999,0
7.587945476302646,11.250036644168294,1
6.387926357773329,5.996369598796049,0
2.4041677639819286,6.175597809029048,0
2.403950683025824,10.07518609934371,0
1.5227525095137953,7.59791873960432,0
8.795585311974417,10.213684455641449,1
6.41003510568888,4.522929260515082,0
7.372653200164409,7.9005695493870745,1
1.185260448662222,4.268908801466261,0
9.72918866945795,4.501225627642836,0
8.491983767203795,11.251499626755287,1
2.9110519961044856,5.113962968940761,0
2.636424704863906,8.259365458201737,0
2.650640588680904,7.288764820805652,0
3.7381801866358395,6.778746610070741,1
5.72280788469014,11.19866676549818,0
4.887505167779041,4.174587174203916,0
3.6210622617823773,9.310317489404714,0
6.506676052501415,11.707155473708404,1
2.2554447458683766,8.481345467694736,0
3.629301836816963,11.494579696264735,0
4.297256589643226,4.41806303428819,0
5.104629857953324,7.350346552593291,0
8.066583652537123,6.081262327696409,1
2.7970640394252375,9.846567719845838,0
5.628109945722504,11.850376723977973,1
6.331731119758382,6.0522404995539825,1
1.4180537144799796,9.233396811792595,0
6.467903667112945,5.584781062077921,0
2.5347171131856236,8.52264203657288,0
1.5854643368675156,7.71145989350669,0
9.539969835279999,11.776042637052296,0
9.690688297671034,8.868218181571732,1
8.275576133048151,6.79605097669455,0
3.741523922560336,4.912766279103467,1
1.8790490260574548,5.2099746298794765,0
7.158097238609412,5.802535439609881,0
4.961372443656412,6.007733290722384,0
2.0983441136030097,10.804928462729102,1
5.456592191001432,8.4897823062602,1
1.3094966900369656,8.187127290994932,0
9.18388361870904,4.91815097495374,0
3.3290198344001523,10.88111754679548,0
6.962700559185838,9.78251442566787,1
3.8053996848046987,4.541346895200013,0
5.680612190600297,9.66268077783815,1
5.920392514089517,8.348305738741168,0
2.6636900997297435,4.653802765974226,0
9.726261649881026,7.666405132229252,0
7.976195410250031,7.877570297040376,1
9.455490474077703,5.326196321306206,0
9.053446153848839,11.565585176002259,1
6.381099809299767,10.799802971845295,1
9.296868115208051,9.352178698632866,1
1.7964325184672756,7.698364488004858,0
2.763845761772307,7.294124332676068,0
1.4070456001948426,9.207787737207633,1
3.927972976869379,8.363454955255243,1
4.498095607205338,4.498184847055085,0
3.442141285965063,8.100021190162654,0
8.458637582367365,10.451228937862716,1
4.210779940242304,7.6739190207756645,0
3.5284105871864266,4.415652620434147,1
5.884264748424236,10.290225595072265,1
2.2683180247728636,5.610910257087795,0
8.219772826786357,6.06896667910431,0
1.6709557931179373,5.317650827458367,0
9.881982429404655,6.64172051897198,1
7.9502029236699165,10.05401204550908,1
2.7884411338075514,8.155086876031499,0
1.0496990541124216,5.6390501932057004,0
8.339152856093508,11.022640625216326,1
7.361716094628554,11.036654839612233,1
7.561064512368886,10.964627400368055,1
7.941433120173512,5.910369691052314,0
1.6664018656068134,7.609914753447905,0
4.226191556898454,11.879917249127,0
2.0428215357261674,10.176099810479922,0
8.767930832880342,4.2173393698044785,0
6.609683141448022,4.521636730083936,0
3.9780822236738427,7.711451014498662,0
1.5720251525742128,11.273761646892481,0
3.79884089544096,8.309614383621714,0
3.9266498982407234,7.982500064274322,0
7.566455605042576,4.843789599653045,0
6.738017242196918,9.254240837794352,1
8.98491468318694,10.576825284801803,1
5.249934326457543,7.043360060060499,0
2.0763482134447155,10.20489480740262,0
7.419203085006955,11.715813231206493,1
7.847065437552077,5.630131673021513,0
6.051494778125466,8.18663704955793,0
7.938704619591049,6.297103664676604,1
5.444160367279517,10.342835352270715,1
5.704595464437946,8.620746927049261,1
4.847869165226946,9.07665934040243,0
1.2287721406968566,10.383313276927153,0
1.97102284293974,7.167763781299639,0
1.2828626711806081,11.320720547256347,0
6.727693701374023,8.26423093796912,1
3.82920382968694,5.263638582682784,0
5.577136220482325,9.56719294535042,1
9.168098265334837,10.346090803506035,1
3.2436300623398746,6.534093416540213,0
4.693446307320667,10.857434055990023,1
7.799960246887438,11.249146038126131,1
3.059183489424602,6.215235899022471,1
1.6928191884591368,11.868171781721777,0
3.6077630762239123,5.125692224390067,0
2.4509915852860398,5.61612534721992,0
9.367278871083158,5.473798713904209,0
8.273083416079754,11.151917680062963,1
6.700633808593811,9.234340418599695,1
8.84314531168946,5.216834265778183,0
8.23304869209203,7.522587346946792,0
2.6791305299743224,8.922384200558415,0
9.0330309864098,4.667712679915066,0
5.854080177240856,11.05933094725871,1
8.266961396476564,10.428828283532281,1
9.06482169931144,8.041654188613105,1
3.8620312747467747,11.737012922073363,0
1.9904673207490908,7.342087834200798,1
3.051416462877475,11.872882552291983,0
4.843970097636307,9.343359990429017,0
8.362132893302437,9.077370186031532,1
8.74657524930709,5.32763916236628,1
1.0625691747807164,11.055422066437153,0
5.596725723198092,7.419917503364921,1
4.7566990283390105,5.297867246259835,0
2.9989702942365724,4.100860159806072,0
2.0787883060031453,8.47804546910706,0
4.038536542632651,8.219196976981411,0
9.486187335212673,9.754828978953269,1
3.908826388186797,11.122064424142417,0
5.669115595690295,4.635252677144236,0
7.3271706300566,9.8519719227229,1
4.272666421413646,5.499295552780658,0
9.746038744488645,10.865416425257312,1
9.662025654479,10.55250811089325,1
3.2660406624282774,8.326350039884355,0
5.475236553031469,9.681942388986492,1
3.707904788350927,6.514800905469987,0
3.5635644493972087,7.769343191462517,1
1.3319825261907952,10.573095181683772,0
6.486079005819072,7.674121577385711,1
5.524111209059753,6.862386122603534,0
1.463308761249904,7.953699578002399,0
3.507818178129503,10.625994019497746,0
9.174392973699883,6.681664378966982,1
3.1560570160027517,5.39009274508595,0
2.304053848821008,9.696112162646246,0
5.405074842498067,10.607825701664655,1
9.870854086995406,4.805099828188267,0
3.178497443603504,5.918992902047558,0
7.049219926652907,5.135775918087951,0
7.854576537958458,6.783531292657333,0
3.1387378959315972,7.602807831243301,1
7.553947137506736,9.99061069570645,1
4.3100481944732785,9.209180679053393,0
6.690752475342215,8.967428539827448,1
6.7017673968480524,6.818999572877235,1
5.821972156672826,10.731580424678079,1
1.8126079304896747,7.7702973391853165,0
8.51772246030314,11.832839504121235,1
3.8870205847456223,9.073137106365895,0
2.678666593598688,5.010117932516022,0
1.3669762739928752,9.409420496603472,0
6.318036488694176,6.600832123453592,1
7.098079256580542,9.49061757348878,1
1.1492904603507053,4.557129185299246,1
5.608837524693529,5.399051497407675,0
3.0384619767814414,10.84589807124629,0
6.806555113685048,5.817436456188119,1
2.569297861044923,10.696329001943521,1
7.218439642922194,6.2342087076352835,1
4.480618116704837,9.14305528046966,0
9.43056989863061,9.553204588078648,1
2.2376884973139393,8.101238025160423,0
4.069597159452327,6.44248541357385,0
2.021261691165302,5.701155010968769,0
9.322242564507064,4.26551483649941,0
8.896054180428829,6.4315712099257905,1
3.3214746494364005,9.225302324250265,0
6.939856414307611,11.506438547587862,1
8.354999801810942,10.969635858104416,1
5.996807304395161,10.12851821228242,1
5.766855205204059,10.30757874602639,1
3.1766706181040654,9.319879227807963,0
1.837924910253093,6.082294860528024,0
9.074941821579941,11.257560245646639,0
9.103762514469974,9.365858495246673,1
6.697913115459412,8.48352504784352,1
4.051268119438307,4.887915753707849,0
4.142886171513948,7.576444350451403,0
7.533601109832154,7.68286616961541,1
9.073992339573193,10.91650887618136,1
8.983777818386056,8.373185761502308,1
8.018879912718614,7.043204391763277,1
6.77828481538859,11.814402628085276,1
1.7572596849554394,4.885764746610525,0
2.454658426851524,7.380387426495557,0
9.086987696743714,4.336197401371242,1
6.457861536936309,9.919232966135443,1
1.0827734645496667,11.344612417593204,0
1.913243885794289,6.2402986364039155,0
6.971515921972502,10.866733414392968,1
1.0455542546159682,6.337745843695182,0
2.4472724627574878,11.286161293151322,0
5.938604104299275,10.031695228774272,1
7.227056779234239,10.439254214731509,1
6.867651335523405,4.144052444803636,0
3.018423785145038,11.702482856592209,0
7.409612992127823,9.813367936562585,1
3.135241787471201,6.4380087630890666,0
3.9285972834334095,10.635157318870775,0
7.718422646062217,6.25216958731944,1
6.846696091424932,10.982030716529025,1
8.6430106944476,4.900643123295496,0
6.91851603070309,9.629487819686366,1
6.114777430019244,8.325587813159283,1
1.8430729104528323,4.7722757615635265,1
4.309442227534902,5.935150626070712,0
3.386821309135529,4.099232290218518,0
3.195906790411752,7.750143723716047,0
9.75709499277201,6.410122086080003,1
4.537879522000844,8.78685987438207,0
9.02841899659402,6.3779024616689375,1
6.680247633975366,6.3993528920558775,1
8.153301731874835,9.945545589852827,1
5.523733837946729,4.385142687826828,0
6.192134961637232,11.223159961535899,1
5.432659244369775,10.818110995129452,0
2.7571868901824006,9.342437465811251,0
7.502069037353548,8.745772560859074,1
3.526951261967702,11.138419985117217,0
1.2188436978830846,5.482641436229716,0
6.80925066316451,4.631753297526629,0
2.5939961146634403,5.916081359276305,0
9.464127259176228,10.356626229601522,1
9.585357193023286,4.277362133811867,0
9.233779511984036,8.662454680667917,1
4.331428302298999,11.96350012953048,0
1.1391095487598069,10.845568750700316,0
9.354867063289529,8.171565512348716,0
4.8536573348558285,4.509127274293139,0
9.699893371393026,10.650988115085678,1
9.672579793803276,8.791828065417684,1
8.677085099206241,4.919463976476535,1
3.6500400286262713,4.75085827858685,0
4.465879557417328,11.27701455549274,0
8.660230043651712,9.353602103504628,1
3.852298046406499,10.634294394534045,0
2.5254347201748324,11.03183120225814,0
6.0112113621251515,8.574178816386578,1
9.425392967447028,8.13957081404033,0
7.264268170074757,7.4434192825679215,1
6.1305505308042845,6.535572702328954,1
1.8745884439369167,7.476767686869694,0
6.535065040292528,10.191037245841251,1
9.91048465093837,8.815387448121053,0
2.260756137128716,11.140186319638769,0
5.664966871273631,7.547040115033502,1
8.8963576473516,8.856716629750032,1
7.66691755978784,9.05046042473591,1
7.273141668957412,8.733577298450605,1
7.322356755883983,9.62107018468413,1
4.2354203609777965,5.89946774699845,0
3.64232659838044,8.098910220366324,1
8.284250399306622,4.833798422466781,0
8.291020552112627,7.0760906211585,0
8.803650867220934,7.901336548970115,1
9.219164973008242,9.21779407636378,1
5.60208158974844,11.604248420689629,1
5.513646652184796,8.805208532386846,1
8.184656610700976,9.948751329412477,1
6.849675376999887,8.050128475961621,1
7.31770189531933,9.07283225101065,1
8.16213402492491,4.567457729070187,0
9.010048076358096,6.035132646734776,1
4.041956411663822,6.89482474564111,0
4.380246573759496,7.779946840052109,0
1.845837458567821,4.36518996401907,0
6.204521268965566,5.1201927804265415,0
1.3234804641706788,6.214514462330446,0
5.190382163192141,11.772261527208405,0
5.883801712368189,6.650776056824406,1
3.5788712691545594,7.85632846489666,0
6.317499345121097,5.5687817019071435,0
1.2745022494514449,8.886240568606146,0
1.3361336987429298,6.245465724127794,0
8.403405045936925,5.655940627507414,0
4.241715772701366,8.132581027567833,1
2.143544613866963,4.044046393283367,0
5.700189340493239,4.061312261193803,0
7.9299419778874976,5.752550472814862,0
2.9423892474715885,4.293770900006569,0
6.606014282371002,4.864206033045531,0
1.768127184943912,6.710885194710013,0
1.4651354905174694,10.420685436638504,0
5.782191684113332,8.576389146954407,0
5.865716094490959,8.10134180765133,1
6.736869113483859,6.347910585664973,1
7.534822003503954,11.454029755462532,1
9.782668715162812,7.176120329897533,1
5.646703134710758,4.696742134366172,0
3.9066082564712135,8.93653212894241,0
8.156675752918332,4.910707147812811,0
3.437490261358668,6.761785142413537,0
4.950742786350725,8.059295509742471,0
1.7061074320803935,10.993780197481406,1
1.2281566907391177,7.948372642720949,0
9.663835732101326,9.618070128253315,0
8.523821084609853,11.942534711992563,0
7.263767854843282,5.051912959183853,0
4.680576499728429,6.197852204156156,0
2.559648880637612,7.156608604781171,0
2.4079333840397745,7.374625428310651,0
3.252186083481358,7.288168602124366,0
5.943039982355084,11.26088802045244,1
7.431363304300561,9.71226115573485,0
6.941776390459581,8.86324171272563,1
3.5194050725134858,6.474981742902257,0
9.593787525968747,10.590323073770357,1
7.641072250261916,11.640484091879912,0
5.989186472602606,10.569586260401813,1
6.5054867161091705,4.012520841531783,1
4.776400561850109,9.091210961467256,0
3.229578905510417,4.409083051536806,0
4.2037541078613545,6.060857762669775,0
7.820614994179322,4.4761976027821735,0
1.1295413976678028,8.830363623595101,0
2.0446537645622462,9.492719307940854,0
1.4140237781957747,4.915901104527241,0
1.3665592208707311,7.070711064359836,0
8.699145256099065,7.649892071644336,1
7.332920734420213,6.952424174087333,0
5.267564461785927,4.968200003881544,0
1.8805074458590134,7.351582321499803,0
5.4245428760514915,10.009424382467344,1
5.261245937025091,4.568061316266044,0
2.5588168291901368,4.641440112655228,0
4.904664843141758,6.838170334687874,0
4.586542609576361,11.5338056929514,0
6.542650882469948,9.348581173783312,1
6.715842857808794,9.42935965338052,1
1.4077360879484007,6.89535992670292,0
4.371513531638241,8.749286329668308,0
6.632739241428127,4.081049472221947,0
5.528226327220789,9.088768371276338,1
8.7084085706949,11.306295580609895,1
6.928242684570505,8.900587746758553,1
2.466409843732867,10.98958874773076,1
1.6351187266038685,9.791784443728751,0
6.78177350385684,4.964467331229522,0
1.2386017948745964,11.219626458286733,0
6.2719802314611695,4.531550754846199,0
9.462072172824618,8.27173978038211,1
6.179267600882911,5.137096990347661,0
4.493529335858697,4.0936528858472325,0
6.789593965981179,7.376274081021112,1
5.12427601442365,6.36032566123325,0
5.910551103843415,7.888003950380824,1
9.473183278988726,8.617599093876407,1
4.474923740206968,4.349912578471579,0
9.650715074415228,4.984026360989965,0
9.148155777604574,8.469139171603402,1
2.762120213103668,6.745338825381266,0
1.624251707876489,9.833387900395584,0
1.9070020123968399,9.218333188735517,0
1.1639964308639477,10.764834903919255,0
1.8499866468033557,9.539942613353801,0
7.147060960747211,7.439448619121185,1
1.6406978361420608,9.38373297915546,0
3.8707806726438516,6.203049394043348,0
8.60387779872509,6.450507990225701,1
1.209447421622433,10.311881279366347,0
8.330216343300421,7.571356131212657,1
3.5366929729605996,10.38704272414682,0
2.0634834485949063,10.579378989346228,0
7.270634488277356,10.86049870129027,1
6.660485621018956,11.333081886729659,1
8.897248121743477,7.44788176410637,1
7.615639394234972,6.550934546569111,0
8.231328373463636,8.65758997275291,1
3.538311153141758,6.969379387501021,1
2.5969558940175053,8.808593334401863,0
7.755532764767725,9.644686901150596,1
8.261512653405376,9.507240147937095,1
9.91454627800606,6.996423096160971,1
4.713559092202838,5.3348816135900226,0
4.348162772135049,7.44423470769766,0
7.987716646677971,5.14075315265527,0
4.06723186227716,11.120776281470466,1
9.376815930432082,6.767019685902859,1
8.725714766587107,5.23567797778659,0
4.860946246375165,4.203582079246007,0
7.757839610123476,9.166579090291874,1
7.7908858667621415,9.095218539637946,1
1.9281148195233935,6.724833332650333,0
9.1229761601161,4.573695110781208,0
5.547271352030714,7.277031159161856,1
8.438117194969674,6.489739960507149,1
3.880446409275506,9.416965117880075,1
9.059709056465804,8.846233995621523,1
4.502815108607468,6.91674982558032,1
1.0975388633226852,5.743140434039921,0
9.148437787773373,11.904287729244736,1
1.821580091075202,7.632012969568919,0
3.873822738313734,9.506193886241896,0
9.550557703457244,5.124423740626886,0
9.555464322438006,7.884717597275182,1
6.160940993109575,4.220293758955724,0
6.686534909528193,8.043640943283599,1
5.036009697804878,11.712139256941619,1
3.638896945282581,7.073653703886402,0
3.957980908329244,4.311968100599293,0
7.052666104693346,4.247646327354748,0
7.77137076493912,7.103894079574956,1
8.124211393532637,5.280199491705552,0
8.106563285150985,4.186816770625487,1
1.8208549274382133,10.049708911601414,0
5.449782742323233,7.6681840710551255,1
1.5180288401497986,6.313958175781236,0
5.94575994091362,11.200665464131845,1
4.973774512360393,4.929111681604205,0
8.989337644824698,11.647350631642553,1
4.158235112968708,6.511733739018823,0
2.053603147848453,11.10722937846945,0
2.2869251384755227,8.823543011835692,0
7.85359568545725,10.6136588779319,1
6.56396256984635,11.872105305683714,1
1.9101040851051123,6.307243502549966,1
1.756961255034977,11.689083883260743,0
7.30872218313208,7.115855159219363,1
1.6548670572777417,7.0840952378953785,0
8.396740533613206,6.7230968340360455,1
7.3561800444084655,8.33126085878068,0
1.7321390257770979,5.233160345427897,0
1.7635394267667273,8.42969188286409,1
9.87975620651058,8.333638499280031,1
4.368437161805083,10.09521450083896,0
4.335779323602019,10.669199695500684,0
8.315196105317522,7.523530802499392,1
9.525237196454729,6.41866599481195,0
9.874009574405838,6.074679178536756,1
7.780403667330475,5.5569906936389755,0
4.386336269778242,4.461180657592199,0
1.7515064502880189,6.739583830677707,0
7.994322243346931,6.161981537046266,1
6.025638247622245,11.731339086931259,1
4.817998083222786,8.46167061000035,0
9.157189465852625,6.77821631224406,1
2.000777340755362,8.643740807949568,1
5.433625938617732,5.113573610765564,0
1.1021828029067717,7.552349993617623,0
5.217945777947136,9.00987457136851,1
1.5067294811365362,7.911182654339611,0
2.0693612464126474,7.214230405234594,0
2.057736220993944,11.950787111197585,0
6.842892719044572,11.042518097191415,1
7.71440391338881,8.987247665275522,0
6.250318885874437,8.555018889458262,1
9.659552936270877,8.965283838596672,1
4.373835215713337,5.610496862579466,0
3.571408776536747,7.161101946114549,0
8.817392153705143,4.3156762631271945,0
3.0123625466750736,7.804368299894613,1
9.669002854965502,8.344196671661305,0
1.109390272208347,5.821997888825677,1
9.728909440368751,11.712230777324109,0
1.388439207555185,11.275636887497935,0
9.02028802328264,9.777145883647247,1
5.749309981776698,8.2670930301229,1
9.936683165073703,10.95975327718148,1
1.6641690826185898,5.045218750587703,0
5.984688559611887,10.32407835419908,1
9.72372282057189,4.998566511734786,0
5.707880597531339,10.353685300395243,1
6.664587743217362,6.206140546010856,1
7.261738200861554,11.016724648145512,1
5.090869582909959,11.552336750603182,1
6.648022720756571,5.190367755240925,0
6.258828807307902,7.701404840523148,1
9.110422094418901,11.84789902530148,1
1.409017423073121,7.867259487785173,0
3.528668706330073,10.90838018011636,0
9.553703356689029,8.709852177050559,1
9.012374055018247,7.002639263356815,1
5.100910775071417,6.286268444206962,0
6.581193380213831,5.625784728688698,0
3.496430646830194,10.094385531021578,0
2.6930904375138516,7.092324054584223,0
5.173285644459839,8.09020369760601,1
4.180170052234475,7.938603840009455,0
6.252905006657849,8.61823223386505,1
1.6996117326848634,10.924617164996418,0
9.769553268995498,11.845914748667436,1
9.875896700316426,7.2606736685905355,1
7.2834554261777065,10.620151376850425,1
5.824867297097083,10.116222357237742,1
3.78574854657695,8.588231611644586,0
8.324155177362538,11.648377148895465,1
7.162580552984913,5.603796124227222,0
2.463552454104022,4.874113682476971,0
9.198344660444583,10.831695735643377,1
8.402835186308522,7.513198533069986,1
9.548199219627316,10.775750833656485,1
7.531475575495239,11.144721641563319,0
6.520736763422109,4.4996607489525715,0
4.76418732661557,11.067718103888485,0
9.39455635018612,7.5865524429553775,1
8.794575005503674,8.083459912033858,1
1.4069680309557047,9.012740088745682,0
1.2373027704752682,11.411060853840695,0
4.388170301902447,4.152928755438112,0
8.294979977036496,7.814747746542537,0
9.8854851638345,9.501776339444486,1
2.3537520199317536,9.781655661585827,0
6.347176438169216,9.540259452296864,0
4.428017709679194,5.075481035264975,0
9.72922958033143,6.39516470697345,0
8.579070308221379,6.869724203336108,1
8.54495834240024,10.43549766143604,1
5.218238438154732,6.230078979316424,0
4.733375521038987,5.685639710937625,0
3.4606636473763563,11.65958415230477,1
1.507379469858344,4.070906280907751,0
8.782501386295479,11.982566845455825,1
8.316109082170698,9.414570390859165,1
9.997459059575176,10.627754395592937,1
9.969731533665149,6.356955170769545,1
5.998885350423647,4.11452222133648,0
7.9208867366245945,9.90295614849224,1
9.502891568941852,10.673156776005406,1
8.646826516096702,9.923809055628153,1
3.226132915688779,5.142802298406709,0
5.054897217790842,10.027423378055753,1
2.162434736363455,10.151382256861128,0
9.586459245328502,9.26832412536044,1
6.455571710057921,10.12892746236469,1
3.0577852495311646,10.767371517421857,0
7.045306159652711,8.908832913899667,1
6.5631541641210625,4.7088377117574325,0
4.223464462295564,7.901022477337687,0
2.022018329796661,4.6211946773728405,0
7.044158760335196,7.260344248259447,1
5.68276930813414,7.256851913005021,1
7.950865525620754,4.528078753121933,0
5.68147151000794,6.7905642717558345,0
8.669633502866862,4.887984790330519,0
5.9671615489703695,10.465881680073778,1
6.0484417438184765,11.581504207715767,0
8.889882423925105,4.578531802063509,0
4.631345795911574,11.64092165833361,0
2.2061370560557667,8.18061279469396,0
1.2590440868200508,6.396525423630991,0
7.796235301062571,4.614896602209308,1
6.582785962181182,8.004994144563343,0
7.336717912893012,10.356124355925989,1
2.9166774535801965,9.656691818133584,0
2.2273432802809277,4.40180809171179,1
1.1309019910109375,4.583214682943228,0
4.155288029259372,7.222986261061097,0
6.309259181691698,6.362323952383546,0
4.530196405897591,5.859074584448383,0
4.937274298213562,6.248035991269709,0
9.137428250443735,10.427861946375078,1
4.134299203209704,11.43382442905483,1
5.625905402438297,7.240821556220531,1
8.052877114670288,11.248888017059976,1
4.568885040891431,6.571965609983056,0
6.598780302050861,7.811495890750333,1
8.761273378720706,5.808231982527998,0
9.54568561291878,9.123808337406752,1
2.323661328361341,11.831848921398471,0
9.339288626453449,8.82794476834703,1
5.429046637715844,6.862512672908391,1
3.324199494690625,9.182539567924227,0
5.132221806144352,4.9833654277231005,1
9.820293177569294,11.109272642123189,1
5.4335628459358265,8.024671606238691,1
3.958764492587574,7.5947979363171365,0
6.700607688850532,8.686918307628154,1
3.1613105690037377,8.99827090231522,1
1.6827699529779752,4.574206449812104,0
2.159917497195843,9.460937769787218,0
2.152412550619952,5.935453442524237,0
2.3671242416106493,9.711621060052718,0
2.2494445538446914,10.580278355073574,0
6.767872703228932,10.431668060420161,1
2.6369207595923037,8.420007739263113,0
4.111005549914768,8.16135913848601,0
9.071095689154106,5.143007690715294,0
5.265654762365851,10.202769203225085,1
7.008019646689244,6.171275043573715,1
2.5508788408146685,7.973563382543572,0
2.730601169278037,6.274192743420134,0
1.3678175463983098,5.070626903997545,0
2.520415567649481,9.036461575133892,0
3.5073130512876274,4.434656278583231,0
2.5930943584907213,9.9891618730096,1
1.7983228038135004,6.540694362088933,0
2.085722839905407,4.001077544035883,0
5.147008912294532,8.089033113897838,0
2.8570034656521326,4.374815268220825,0
4.278428749432679,6.209356462567196,0
5.530755437693712,9.65581189964573,0
7.213553457664288,4.501516972974927,0
1.3538092585698904,10.714707938848019,0
8.194693590181384,4.030559381268665,0
6.6511035054181695,5.974590953615218,0
1.7358312875398472,9.927232449216572,0
8.862207616960994,6.530161197834454,1
9.287851604786319,4.815139104528108,0
1.5497016386937736,6.881871350403423,0
3.4918988333248335,6.163146291076204,1
8.255811518137552,10.74169521728444,1
7.734337213452926,6.506783340681145,0
2.6606891742073957,10.311459774208057,1
2.8841439100303927,11.134977158485878,0
4.334248925122438,7.470539356612236,0
5.360706866719192,11.279545150835137,1
6.564292943772664,7.018544431705543,0
4.320222756127952,11.712627331920865,0
5.162812445198331,4.714316196204583,0
7.727238443203809,9.496154132025943,1
1.330148826015381,7.950512323655429,0
3.2719324990961867,7.1011904436451765,0
7.420146272960972,9.061695029988808,1
9.056861539184794,9.63085673307465,1
5.6050969790409955,4.034906157202473,0
5.789021367387841,5.33562470997759,1
1.9645481020579845,9.70436840507455,0
5.026711301411092,9.33108330862565,0
5.793555398095209,11.728380041029418,1
3.1822345327125667,10.088302322006264,0
3.4231890785444286,11.606181661850705,0
4.395557467941604,9.620324012278456,0
1.1806407799995373,6.384417669115545,1
3.8987124902486046,4.842919378006852,0
2.9030320629689017,10.254590906759486,1
3.9474761696012317,9.153193771807327,0
2.077859186373261,4.38548809914637,0
9.014745526659055,6.880403727207827,1
6.342332081986438,11.654398523874288,1
7.111920872300407,8.00320916568161,1
8.102541147466045,7.461833088157637,0
5.485979790361515,7.661596841274352,1
1.7822825927868133,5.67106179204131,0
5.83395887636693,6.949657366918362,1
6.281570062187912,6.958506047897413,1
7.70895526765897,4.418840161499779,0
4.884935916067114,10.140541028143346,0
2.148222725160074,7.332035455231032,0
3.55398315218852,10.577439094531385,0
4.267740667587716,10.802784008959163,0
6.8132551719844106,5.6959524375892645,0
6.137004742020207,9.258827857361029,1
4.204870533080616,7.778254433303854,0
9.878637239136816,11.041253903371882,1
6.451973374211985,5.725925433411633,0
3.1350411256239505,9.422505602480353,0
1.9160422535836337,8.862016978021781,0
2.375732252658988,6.362411820574662,0
3.213619555460573,5.092807229209381,0
2.446132359336001,9.213118083818213,0
2.679103216461752,9.908779665058645,0
3.565856518244624,6.5250187501068,0
2.560362357652793,9.15866083217851,0
9.070888821637826,7.161047260892026,0
1.7221037109547799,9.705655066260942,0
5.720602506132292,5.593722199152425,0
4.693571442906954,11.121720021089395,0
9.841407552177458,6.299276771724638,0
2.008350119512471,6.942287902049223,0
4.580700391411675,4.464735616642798,1
9.72523389947832,4.892097698570211,0
8.789564133045822,8.126895221698625,1
8.353648638543518,6.140741413823772,1
3.3211254434044584,10.683841805937554,0
2.5379882865105925,4.117547109239631,1
7.017788979319879,7.0327523893754895,1
9.364383902148273,6.698764374152741,1
6.010866037125368,4.154621047340808,0
6.144514205229099,4.994947192004082,0
3.5198118429425573,7.309141399349082,0
7.925436398727432,7.942916675579573,1
2.6833937370177106,7.234317978038953,1
3.913113127638193,8.24750142729675,0
4.828927947547751,8.761053399245451,0
5.568493408160095,4.079390569022685,0
3.181687591735722,7.712761275628031,0
2.033531422652832,11.707993927100706,0
6.495580381974693,8.152258241036389,0
3.597674979162302,9.420338139671625,0
6.231143992803511,6.494910863335066,1
2.389264437467821,10.1919310252221,0
5.330260916693358,10.183371855008922,0
5.793304892964272,8.17036838123311,1
1.4664118314018422,11.80811058623371,0
4.029438503745285,5.004401718101227,0
2.209732092450768,4.135581319116648,0
1.5703747342549097,10.161265694056768,0
9.909642091509507,10.457244298919061,1
3.9011846047725065,4.96165783296461,0
8.288870012691714,6.124662663668849,1
3.2917658928738747,4.140418906933031,0
7.133524500015364,6.3464688862445175,1
7.842050739007179,10.185134991349372,1
6.360748665470599,8.143684221700632,1
5.244185696951425,6.784764745346305,0
4.706568227325417,6.973914359250642,0
4.139814398886958,4.010829005723745,0
9.365762298230432,6.398404220521887,1
8.475574670089562,9.171669933103445,1
9.685242195998613,11.793555550530858,0
2.1186750113699024,10.776486615871196,0
7.577807276832798,4.188759717164233,1
9.44506411138934,11.188484837398715,1
2.6310975954909415,10.265587306389008,0
1.5984664063009975,10.243008988567844,0
7.670085843610531,7.663966072028572,1
6.170258018619207,7.184042343636023,1
8.576458990824449,6.423325830665541,1
2.2579513896366055,4.525558871634926,1
8.15740580673901,5.825882907949593,0
2.8146458804297008,5.972829079824197,0
2.4729034857913406,7.872616557681613,0
2.4783921813789362,9.979555252773551,0
8.33117248208244,7.790478627183573,1
6.986774986265801,4.462755595577285,0
5.707588822922074,11.66231840790563,0
4.229474357111522,11.541794552752897,0
8.894804867317974,10.281516345187267,1
4.532005966803719,11.930623212513765,0
8.349394955244193,8.355858662402103,1
4.952214177131966,11.702146802025648,0
4.392499864824169,4.604840324934006,0
5.164118071026458,6.9254459860909705,0
3.7124008674772786,5.803050144054127,0
7.72848442158626,5.56666467307416,0
5.5244835108323125,5.126423591141409,1
3.0899142563213555,8.979309132527973,0
9.096171159471115,10.250574845978441,1
4.455020992358903,8.626387195362884,0
5.891975750025898,5.175701676705677,0
9.158248998680923,10.488990159467768,1
6.618141963225929,9.087637657309827,1
2.0520823663752767,7.105325649015964,0
9.458489112521276,9.393042364288505,1
6.6493724776427605,6.079239833942663,1
4.014150531913775,6.761537667953684,0
2.2534486539704854,11.33988674505592,1
8.146226703432664,6.324036045371363,0
6.580654803356621,7.759906145263493,1
5.801149827786894,11.121129099168117,1
9.045033247458619,9.66177080214022,1
8.097374901020777,4.497625809317622,1
2.365073917594761,5.178424354231763,0
3.805498610159934,4.0627327261753345,1
3.236402258330192,9.047374321833306,0
7.695516633154092,7.581387403283347,1
1.3017919126220145,5.074198807218204,0
6.129007163841849,11.663472968454164,0
7.862128171666215,8.23727779156496,0
8.890890730855745,5.935146352903113,0
4.078735738443167,8.00482856923766,0
8.391315742048116,9.436962661880862,1
1.995685632596865,4.609913743788516,0
8.618070625610663,6.197630520383136,1
2.147397960987842,10.455723927071949,0
4.575585615043305,7.67731896322129,0
8.175658292015981,8.37261713625836,1
2.349256846138964,7.462528017675754,0
3.0632625570937733,4.351199541144041,0
7.500273115537596,5.325998238561247,0
7.480328828914669,7.564333109935127,1
6.770328695967676,5.6734837232634225,0
7.2455360002039,4.39983222927743,0
5.884519990128366,10.74919731241459,1
3.266191530162575,11.849540233312926,0
4.111263941535275,10.345142991973916,0
2.634379451212831,10.830279373637335,0
9.176055052002654,5.935817042536363,0
6.250526152895084,11.685015804105598,0
4.607662750872759,5.575405635627427,1
5.1580522327971945,11.611438482894659,1
9.525550056506338,11.958554351727608,1
2.380162628044722,9.69378244596839,0
6.276068488151175,11.849149854334575,0
5.5529981099601935,8.556318236536828,1
6.503088118911831,6.076334265408723,1
1.1629916543875645,7.495967085324967,0
8.849115180497364,8.748487483030289,1
9.38906454235251,4.58465249621612,0
6.086198652302881,8.97874611693797,1
7.26985741489203,11.849422694098356,1
9.302494430595662,5.520861198269821,0
7.3651477088205874,10.340760930307066,1
2.3728513862283522,11.263190350236954,0
6.186595241501319,11.549612742561767,0
6.460435417445703,11.681084835243578,1
4.817176041721474,8.171677109771775,0
7.627998120622506,11.81846326393203,1
9.409303132921133,10.058481657075511,1
9.330116616160987,5.293371489895695,1
5.057554342637189,7.81520085174376,0
2.019142412566797,9.746649402976033,1
9.863570790661012,5.978722526552667,0
8.550082778013408,9.124921468391099,0
2.1219641308294017,9.332803832372953,0
9.28757694355635,5.301597950468527,0
8.829067258559155,8.520682499622051,1
5.669542514134649,10.17301528782886,0
6.321478921704363,7.991165316287535,0
4.591024334831173,4.096824934208859,0
1.492854749398282,4.072307752634337,1
4.016775174813109,6.8562347517600974,0
8.225681037382103,11.409552547454256,1
1.0416882070414257,5.82941423682887,0
4.001492545220298,9.074909510973498,0
4.58351824231849,5.776606965546565,0
5.836560426441306,6.573359917276389,1
9.278700547714845,10.784336716811872,1
4.1171139492936515,9.830891538159575,0
4.122578817066049,4.763194218505685,0
7.637511232987736,7.429616167891469,1
5.069961468008264,4.233358109162116,0
3.021443406459838,7.847121172824072,0
5.07195564519424,9.299472093608545,1
2.2677131834181985,4.9480209887852125,0
2.58748287855601,6.311079511273325,0
5.4853099546553175,7.182693004017255,1
4.770329045540931,11.356248197248398,0
9.2336131096129,11.946040123383712,1
4.261545092049698,4.359290391964927,0
6.225295152502391,10.088063387963135,1
6.690378591275773,6.973792531218746,1
1.1178501092950026,7.13966548983584,1
6.971836348150395,10.03411978677618,0
2.6023237018277627,11.347411457163268,0
9.649632857225097,11.607428756020386,1
2.3379645497780164,8.616980688306565,0
4.731617113543214,6.8569692744040225,0
1.7681470127077947,10.300392686870234,1
9.971868266613527,6.008011066098402,1
5.519755092981184,8.512592230668142,1
6.358465155880394,6.868627692198985,1
1.6036882964958474,9.25304858966301,1
7.7496442335926,5.923191303148055,0
2.889150337860272,5.532743565878606,0
9.082488604966423,11.345912693403497,1
2.8462567643380643,4.814429463596295,0
2.716189485972999,8.047663261879453,0
1.328947010632854,5.766822263704071,0
5.248602505989993,4.31143970660534,1
6.083570199363548,4.288150546331411,1
1.5913777548551713,5.401774176846619,1
7.9797485502550956,10.934162836048003,1
5.079599512732249,6.259829951816213,0
5.7195124239482205,11.603673364602365,1
4.966864722444053,8.65297834391355,0
4.606867547877934,7.492913518150129,0
6.036762981773961,8.640710677355637,1
2.3971622133764123,8.133587081810141,0
2.63735317445744,10.0702100300586,0
8.756070589121656,6.259968527782818,1
9.515039159202695,6.824403132802419,1
4.359783846517777,11.152754420266007,0
3.436702058291984,11.571652105203244,0
6.795995889151142,11.140465819891796,1
4.678607539882868,7.355583951658509,0
1.2284772009431038,10.242924024055053,0
2.4053733762957132,7.81068586640879,0
7.443750059626578,7.9803188171688175,1
6.930315477191362,5.637440872458272,0
1.2438639325313514,8.729042426068132,0
2.997749457396545,5.4890871820267835,0
3.0796731692926427,6.65251759253755,0
7.047034692388555,10.840241612959481,1
1.1773948397892773,5.656606473686842,0
1.9369772378611647,4.5692662813874625,0
8.199244768358703,4.55206074090253,0
2.6069019584890025,11.526276164024864,1
6.874714970666872,8.055363503694677,1
3.1436450294205387,7.275296574536147,0
1.8949725348341064,10.487028648063347,0
3.1885497189950867,10.686607423284128,0
7.500402386700932,6.657528264924837,1
8.701268212956572,9.548944459790363,1
8.471978781102925,10.168982526815093,1
4.5746517665660935,9.237205494927636,0
7.012766229135815,5.212760598400795,0
2.844858658742389,11.007064668136456,0
3.6383295723491194,8.31275642188807,0
9.067022366690077,6.2597794109600295,1
1.1170173115966242,7.401825483501551,0
1.7695767776902127,4.300568723191259,1
2.870976296314246,5.0229344097793405,0
1.2387898348643773,10.124374004126887,0
2.632918915808176,4.000093078042929,0
6.247374048727229,7.332526627858337,1
4.792820955332481,8.180081448684707,1
9.034045399692774,4.437075360007778,0
8.356992055645968,11.784625303778663,0
4.076356165280884,5.8090026499973755,0
3.3348109008816325,6.433589757090247,0
4.417231673505402,6.431540098040219,0
6.31265448263327,5.843333296938799,1
3.4125727674058863,4.011790576690491,0
6.617340170642207,9.834758352703972,1
4.684704869721164,11.734763998394282,0
5.968424627667822,5.7943478662803605,0
4.92513876221785,9.30437753442738,1
3.650191835877259,9.93517061566972,0
9.53607976265941,10.787403032724198,1
7.872452147437848,7.381033576108873,1
2.261018581898073,6.423447245123434,0
8.816211783081215,6.602361072184249,0
5.386880784245623,9.700970664788102,1
9.050970042046822,10.534235732045088,1
8.198697303525837,5.452911742052821,1
4.8269215402231005,6.967528065262122,0
1.2022237748810567,11.2155215739932,0
3.4180962344645147,10.453548157557915,0
5.874707931947802,11.878867222099807,1
6.701303978435325,10.033986077456646,1
3.3209891688988207,7.145561608223378,1
2.254204666655417,8.725102671957103,0
8.514372131193692,9.288114033978562,1
9.85961962633197,4.627646530536992,1
5.731211640724172,8.35597567283092,1
2.5451135726347314,9.674566627780877,0
3.4507659386743206,5.338570432008483,0
1.1655160889272005,10.245053739404458,1
9.228689259044492,8.670182244112894,1
2.05975974601127,11.617774285580758,0
6.188648279628282,4.339378385655134,0
3.466496986184854,6.122609100443736,0
5.9876020226421405,8.812431034398593,1
6.862783495166778,6.372479297647446,1
8.467676233364815,9.715393312569937,1
2.8577914458454288,10.072042260175447,0
1.0989624579263242,4.820127712531796,1
2.2319706706192655,8.110835713654142,0
9.100167776632945,8.071124444728447,1
8.865010698062637,6.9542461617243285,1
6.376717919532775,11.463398900557376,1
6.40465174390288,10.62005055898577,1
6.9853300709163,9.577675055277094,1
2.5783415076110465,9.71461308587998,0
9.229707513324637,7.693729150504953,1
4.768934724028658,11.367956168772608,0
4.448246754245477,9.556763418026282,0
5.670259347545538,9.831848493246532,1
1.4226937009754954,10.893527230298762,0
2.4965503188047147,6.192572714737528,0
7.642302547837334,10.456567230933624,1
1.7451880113261382,5.561924823651936,0
6.428368985197494,6.762735617959103,1
3.2081419871318886,6.684883634158742,0
4.503660526377789,11.828203747113125,0
3.598243630936299,10.852297789983414,0
4.201054448184542,9.609358892722078,0
7.471413146658209,9.81645409292312,0
3.6740954406085753,8.496582355220568,0
6.097641762672074,11.576725336868153,0
5.284453619791897,7.970070023058892,1
6.973040488263833,7.044141678959156,1
9.431467653922821,5.304282695452728,1
7.593148874892252,10.289645218088463,1
2.934463407316811,9.875551456604732,0
1.2806482155515622,7.074840308193079,0
3.360376398698426,4.201547311673835,0
6.355701376302293,10.711978621744086,1
1.462832321358253,4.091343867632589,0
5.467296224811127,9.629598237032408,1
6.371585640252003,11.762056877808456,1
4.008195017352648,7.501290625185628,1
7.938209833712397,5.879787239967622,0
1.9593842782039461,9.638968080347054,0
1.6762400356222789,10.537025136124681,0
7.55369880583243,8.37144252862278,1
5.459421845855786,11.73628220204917,1
7.195621567849624,4.413349773263689,0
4.913446047433716,8.038364786436226,0
3.2176182991519613,9.7476315785804,0
8.371920859067798,10.901123769193433,1
8.194742910720812,5.43404489526232,1
7.252268237689841,10.400027854109451,1
3.449306235069664,8.421656605748362,0
6.312076001821784,7.172429455919706,1
4.248765072460241,5.0537202286327485,0
1.8242386599397074,10.922366071271298,1
9.255822179160186,5.258185665437723,0
2.2313676782706526,6.478302873672794,0
9.552136184387223,6.320364255699495,1
5.014051956621602,10.971312273526834,1
2.666196359547577,9.381623953671184,0
5.877108526405223,10.373451177530978,1
8.856512522887675,6.003743190339992,0
7.590023977686051,8.99899279685599,1
8.259050330753048,8.573967865149989,0
6.929050300396456,10.66264301430617,1
7.230489080660672,11.248696483850084,1
8.642760864087872,4.0972541718190945,0
3.2470120797326736,9.39215935247034,0
5.404824672788264,4.414686392957832,0
2.99088497637642,8.390869320618847,0
9.889012071969823,6.301061832349426,1
9.49653405717952,6.45421279617713,1
1.354841302316553,6.823668027618853,0
7.350176552641196,8.970339592396881,1
9.327234856740992,6.672399725350154,1
2.6251781061460018,9.861592404722243,0
6.111507074973665,7.2362190845909575,1
9.239394678292376,4.546825602479669,0
1.3055138072721895,10.270078739872858,1
7.276782405221559,6.286066596741648,1
3.676141066352957,7.462135036794101,0
9.319565758388773,9.483551065775213,0
9.73952420648831,6.659649257189696,1
9.498398402020905,4.452685249173725,1
5.267927949917174,6.991368376102509,0
8.758383858903821,11.555588661554427,1
8.600944586815633,9.133875178388465,1
3.871904259189301,9.371833189337655,0
8.460239267356096,9.05825722910112,1
1.3330687124394336,5.591937111675494,0
6.366428906338477,7.346670912818241,1
3.0700795355893273,10.007518386906547,0
2.0851019719955093,4.810983180425273,0
1.6925788146628824,6.222822208717698,0
7.266598982903258,6.210552867726829,1
4.058874673912595,7.456151420756048,0
7.522900943758853,11.84294992753748,0
1.5882070671904813,4.5400203734705755,0
3.837613040475493,8.149607955044761,1
5.855421631378035,5.434917456097684,0
8.116508483550671,11.765412363277953,1
3.8687725263886295,4.906428037819714,0
6.633022387933082,7.22880801889273,1
8.973799734125684,9.903079878676849,1
6.542768693640741,9.636435424219563,1
3.096635272782704,7.381829095151458,0
1.2196070340088423,6.772193343621746,0
8.830889865108368,7.180899028422965,1
1.1914246976534844,6.114210105269114,0
8.872315054157795,5.6426635096543984,0
5.760434206244907,7.86431758047112,1
9.451609286616065,6.148270048540859,1
8.189049121962988,6.299693319178001,1
9.981406994800038,9.254048507796456,1
4.156406339065391,11.748298653599138,0
7.904694600380142,8.829097604475,1
4.617378222483179,4.61583573651973,0
5.318880582735179,4.604668910832536,0
6.64754916896533,11.611385766764528,1
8.863094027677048,6.378326322458669,0
9.856751222793656,4.7365358886598035,1
7.914460724780664,8.792356697203052,1
4.759901039506004,8.98919022632213,0
4.792213020493632,9.188038560949504,0
7.638240714300023,6.13921622286033,1
3.148994311914721,4.1208854737158,0
1.994267018182552,11.720122955635775,0
4.191599418766989,6.00714436552882,1
3.5851509248867357,9.408210304420379,0
3.6667730841039106,9.653038959029676,0
3.1024697594491895,8.880059336635885,0
1.378838706727257,6.503259153709186,0
1.1608654126007243,6.168770030112526,0
9.889501507624283,8.781346261621625,0
4.849958203622761,10.928765068893533,0
4.4589398244371345,11.573869831387164,0
7.116825544237629,4.847246435230061,0
2.9642849907855773,5.238628900781759,0
9.549650655552028,11.557890070264637,1
8.07710512973997,9.89228182667834,1
1.8046990208103355,11.063950598638185,0
4.758226982064356,5.621061073082745,0
8.912064768059482,8.700686968875214,1
9.502588200622693,9.60911675533979,1
5.2066136012488275,9.440895083575782,1
6.520702502896369,7.265213526933585,1
2.503305514828677,4.123159133530468,0
9.92051763523279,8.663408454434105,1
3.0850453124509905,6.02481231343687,0
9.48458596721613,7.602033969143123,1
6.846819840931316,11.660648120670539,1
6.469631153909732,7.192282541139478,1
5.614196599148578,10.718412853315414,1
3.076028305459828,5.508324845994009,0
2.5887522880495744,9.37968398420023,0
2.9843758816315784,11.816055635511548,0
2.6779443592982908,4.815144806983494,0
8.01626026210078,4.066559537817536,0
4.151127332500571,7.468662341060915,0
1.5205840890705673,4.741003864410938,0
9.721923671267302,9.98707479740985,1
8.954072964670832,11.316389310788471,1
9.349770548756917,7.472167781670071,1
9.954170403817917,6.069693137243528,1
2.5650572429753855,7.475226552052878,0
4.566178170123929,9.787582542800008,0
7.824146281336822,4.072433292642968,0
7.26418556248413,8.715631915877577,1
2.3850631570586955,8.906333479099033,1
8.34249812491556,9.101505975167484,0
3.019965146529946,5.936176639847018,1
3.0143585334036076,9.712421787025015,0
5.832769806040722,4.731131890654211,0
6.336459413575328,5.5941626917344065,0
6.220775870540301,11.019760373235854,1
1.8233815365797938,9.90978520581253,0
8.897147763673424,4.109964432090762,0
3.3904003832983545,5.987010082958402,0
2.1656342915452376,5.7152518639453165,0
8.998732718820794,6.166450624295781,1
9.60086348406778,5.980478162239091,1
8.759148555389055,4.500210365942766,0
8.285644672523903,7.671524132774563,1
6.8971778257511955,9.861867798289321,0
5.957716335482254,8.853853797739491,1
1.7828808392026914,9.382973348784638,0
4.676078917636288,4.649193428289913,0
4.354196653110826,11.611925681414299,0
3.337784053842936,10.707934670744198,1
7.510781023197264,10.4407225479653,1
5.4628816157089375,10.58387044033414,1
1.7294159431688314,11.46168406506209,0
2.981648817548302,8.354031728909582,0
7.149328872936364,5.602256142941007,1
1.6851777354127018,8.934268862820328,0
8.660862226438919,9.943051949343513,1
5.4563187431257685,9.903339146832202,1
5.325279195939832,8.17159219333504,1
6.331670061935658,4.547669754668624,1
8.422128693326343,6.968903507441023,1
4.1302828711197375,11.36613286770686,0
7.102145373031572,8.675591278059407,1
6.09158767596212,8.306655546045707,1
3.403254431524792,6.150828115057548,0
8.907669877196422,6.947591359332631,0
8.176834194462353,11.162768713225354,1
6.926066511925829,9.331704380214685,0
8.655235561848176,10.299096214018663,1
8.805647808638222,7.634763384541241,1
7.3752667904353135,9.041977755649263,1
8.533119955273047,5.98706886994566,0
7.277243155023553,9.643686642267891,0
7.121266945842704,7.420810669626698,1
6.5675024039366585,7.540364118517965,1
7.774449756018771,9.194578596615052,1
2.427445947637663,11.490244971751412,0
8.927836832790355,4.512050772868967,0
8.846591749707088,10.59794589877606,1
1.2632255473110323,6.339064883297545,0
8.432350755082865,7.551355636051023,1
2.1598288072610066,4.175306630200072,0
4.016069688332277,6.408368622674504,0
7.69157430662447,8.021049941041044,1
2.4468390644347737,4.449408618779512,0
8.36170321707156,7.928765835065321,0
8.489207601619677,11.41688503086742,1
5.567209603847526,4.843145744862442,0
1.0574728454515023,10.115525824604035,0
3.583343198574215,7.277368427007941,0
6.55234226538168,9.241389716194703,1
9.830675602246812,6.081892783881835,1
6.686321743150016,5.275938100330866,0
3.338232229577438,5.2837009141698115,0
6.706051327896502,4.563935565145157,0
5.8598684174427,5.485173639209944,0
8.018608556360292,9.313755079911747,0
1.9628257494426258,11.053524894748065,0
7.849251122518252,10.513005484729295,1
5.871399208084992,9.481074478995872,0
9.666928034730951,4.883454907288821,0
4.076849494348175,6.313499570367599,0
6.693597038205533,6.478455002579752,1
9.388252949590157,5.99965557118097,1
1.9225875519161133,8.120045277677786,0
9.43505638512806,8.28443051903738,0
7.19097150070732,6.855087801368882,1
1.610533531946547,6.830313269891488,0
3.708672102521346,10.62844478324865,1
7.373548797807534,10.314342786557486,1
1.6061554132189453,6.462366653445965,0
6.23953414158646,11.310307550986074,1
4.112947512576611,11.622520136020048,0
6.588239659907294,6.613940336240327,0
1.4116783043126158,6.835399590344439,0
8.843831255371386,8.04507322737567,1
9.761400722596573,11.528966500269387,1
9.719900697571223,11.010555465138491,1
7.746866485686322,4.820543700668718,0
2.170776161175688,7.14184594617133,0
7.824368763361203,8.426969517998174,1
1.2212822481292136,8.02505978041232,1
1.1991119637609753,5.550904543495141,0
3.912491972345871,10.870534169345238,0
5.397788713641992,9.415526263974698,0
7.933666760270139,10.703266998814428,1
7.149658389458547,10.870114234795778,1
5.013124357390735,9.986846829325918,1
3.462639996534993,7.513684809997739,1
9.9741205014194,8.884374040123397,1
4.835631720123756,5.282923248957945,1
5.062483218967079,9.38916333979926,1
2.4726143907250226,5.434026045914246,0
8.153285938749365,9.551596724081254,1
7.243140032033398,5.836785286031749,0
2.9869265150988435,4.94041040120176,0
1.7414294105425843,5.322275921143659,0
7.124493718672418,4.015937081752562,0
6.890600928530217,9.749916942828243,1
3.459335742983884,9.859208392467032,0
9.557772060253694,8.119466799306075,1
2.3595210260281023,5.29090240844307,0
4.891013209383417,4.668434700085518,0
9.49254328150839,4.153031731498296,0
4.7775458523351,5.325985415721766,0
6.74673352897677,11.126844279865175,1
4.578349581665148,5.932294733613454,0
3.4679368211380304,6.834170617737725,1
9.855798831638454,4.8427638758506655,0
4.684006056835387,5.778890437985362,0
9.04689283311221,8.153796566241642,1
3.0695914530197754,8.86202146476522,0
2.9179423362257495,5.9628185133296885,0
1.2802067459606024,4.461857273800938,0
6.865001428382966,7.128262953019189,1
4.316737093513851,5.873626967410673,0
8.779224248556734,5.7564313858384155,0
5.258889160224014,11.678902421707642,1
9.713740851232496,8.930403887405792,1
2.6697296413280904,8.455027545376767,0
8.817608511600497,7.326200828186575,0
7.989371675125676,7.431554667441154,1
7.938296601796468,8.327240030704647,1
8.60304905305199,9.571438456288858,0
7.84921591848699,9.617168769454636,1
6.635982894682739,5.3735512616435965,0
2.1812038991414884,8.000902016613015,0
1.2927356154212672,7.295664760272816,1
9.287630630341182,10.964215730155074,1
6.549852830686643,9.05135136974701,1
8.168835618785586,8.260032531327855,1
5.33370116361295,4.923157137431339,1
2.0557737006615504,8.845103114587292,0
2.126672129822954,4.937631245441867,0
7.170087585060743,6.6976526045260165,0
4.872753054095164,5.142735718514655,0
2.8047225403030307,9.536589176194951,0
5.424350920672932,5.650016910689221,0
1.577880433676207,7.134874985504208,0
6.237742617229589,11.16539822095023,0
3.4209406399158793,5.634531067191762,0
8.178031905734693,8.062440511670232,1
3.793257630312164,7.354173289328176,0
5.09698134173621,4.144992328365838,0
1.1045848591729057,10.342064908582502,1
1.65202199015103,4.552367250516798,0
4.532442007660164,7.794040167815629,0
5.319449512454112,8.4854263595116,1
6.400184933073733,9.027411652916697,0
3.624963208383729,9.509053034463005,0
7.254836975138883,6.026179068181721,1
8.741101574702842,4.079830213267595,0
8.018658900040148,9.787549298839295,1
1.3565694281352143,8.285252794780629,0
5.32456252532046,10.68894162565799,1
1.9443716057635738,10.571106903205553,0
3.178405142762747,10.746609342303065,0
9.879963339404318,7.880757279836321,1
2.282459886113619,6.669027166694925,1
5.489993381062204,10.33246562073096,1
6.563401608863072,7.610352904234039,0
7.322184734896935,5.467537571227476,0
6.036838151382227,10.839792156491795,1
1.087937626772653,11.060479014178778,1
3.938151774195927,7.730478049121361,0
5.6594047904624025,4.6055978184783,0
1.7907984923035003,7.10260871933545,1
4.155642380882627,10.428301275700827,0
1.298827979122299,11.214192228369829,0
1.7072064743951867,5.627781939980767,0
4.5723094858143645,4.535788896202172,0
2.194441786387543,11.01880362506271,0
6.107867634354023,7.115239511831002,1
7.2051847222353915,8.334087714140505,1
8.205280291981746,11.74452649640607,1
2.8013521982032907,4.532517823313783,0
2.507343240331628,9.186544059616764,0
1.9411105630096022,4.592843380598937,0
6.72787224589273,7.003751427732003,1
7.35828153838211,10.430516361547575,1
1.2842753034307783,7.467777862045075,0
9.42591021619321,11.977458831223604,1
1.4677415528632518,8.472474279572818,0
5.871667017709634,6.569297221087628,0
7.381544675058247,5.760890607238025,0
8.83872211371477,6.8041642742892945,1
7.4267823891918505,6.9802661900764065,1
8.215552747628127,4.549709421791688,0
4.0550517328852544,6.956593595414185,1
8.33342602371861,7.713908157913799,0
1.7210336174620764,9.781902017910436,0
9.05334990454475,9.253835877772865,1
5.928331385383626,9.670125241833233,0
8.355679929662443,4.066909455014857,1
5.070864560664702,5.741339196644288,0
6.792199256768725,9.293474307198853,1
5.737623948425019,7.871914945437977,1
7.584305695797987,4.042507805346768,1
1.7346698382753063,10.43595713945458,0
1.5431687559150742,10.1824765863227,0
3.223929106091318,8.387353303948501,0
2.435902121018695,4.531706606210177,0
8.846052099329814,10.132120396260678,1
2.9729258862223986,8.669708701850912,1
9.782787302372181,10.255679817263673,1
4.032062125939961,10.013975939166723,0
2.6390612411982937,10.424016575662698,0
8.107286564282312,8.144064531237,1
6.928369979507885,5.12259614554812,0
5.483761448078251,9.36925978703751,1
5.998271958438681,8.963790280415765,1
7.472816004450374,9.938025497592697,1
3.0560926719816885,5.3590480484058824,0
9.967005244510677,5.559801599202314,0
9.773138459321048,11.123276137754628,0
6.852931177122432,9.999822387616566,0
2.7958820583623063,11.265827909602583,0
7.122054181881622,10.069722569311367,1
1.6497856808125826,8.777242447922415,1
1.2758725198522547,9.233061896222988,0
3.3191459966009234,11.11302339152008,0
5.163606610653847,8.630454036095525,0
8.814452548675424,9.0591305946271,1
7.544521627896772,5.251813728028805,0
7.684358690799829,7.791369760928822,0
4.829440010032679,9.731176895664792,0
4.113414932922666,6.167541586530923,0
4.339348866861425,5.618033444196279,0
9.88884607362452,6.510614465795324,1
1.3609827227123423,5.932005023942668,0
8.803283465102037,5.719301096291167,0
6.208078677151541,7.3988067429446955,0
4.947538772706315,11.262708111068273,0
7.527318943736229,8.056477173909746,1
5.380020472822325,5.503363046522584,0
8.860809142734945,4.615773355046993,0
9.106316776101327,9.569249161103402,1
4.795488341861098,7.062390115491103,1
3.4914501751154643,10.574647572682874,1
6.33115295734026,9.276086149126161,1
9.211270110550219,10.369931604330947,1
2.895959701050999,6.17556831534759,0
6.606699252071345,9.538871379688466,1
6.684041980832685,6.11249587754975,1
7.5980172017375285,11.512547835602334,1
2.1841091661453382,9.090994252266995,1
7.442424682138797,6.596094401402737,1
9.181292685990769,6.156094898338181,1
2.6171479798321777,5.527412680573148,0
3.1378899243148988,9.557127671149821,0
9.742555846374756,5.749724903983418,0
2.628792574385408,8.762426127419912,0
8.689465840326212,6.117080215402859,1
5.430500708032313,9.295751558350949,1
3.2250796696285935,10.519517828324314,0
8.836749111452603,10.224201945157226,1
5.007747295023989,10.086810647446253,1
5.633356185367211,5.501779245538017,0
4.233100324597891,4.70707957587615,0
6.3365576629143465,9.591590627899084,1
2.4717148532652047,6.9467777103548105,0
4.519733829865846,7.458769811226778,0
9.724710901017588,4.2491927423471285,0
3.3232008943101476,6.0766115942003935,0
6.910629980871629,4.269411230995712,0
3.926710578022254,11.03348618080998,0
7.961258131179406,5.947173465748244,0
2.177862946465148,8.458697356584064,1
9.728389405706903,4.311834565289043,0
5.084105872452753,9.334779130445265,0
3.1244541701181756,6.584218766032751,0
1.6614707259701138,11.183353495661326,0
2.5278211457878665,11.104945511472287,1
5.677965537004159,6.602324946893982,0
4.033028587881576,11.207687165523744,0
8.459950292943486,11.96926138799023,1
4.877987712956253,10.603325312991585,0
3.238428453288669,10.758970782041832,0
6.554304879436271,5.992069888872719,0
7.360994951969012,8.61361919086205,0
2.5033771711085486,4.538047311738943,0
2.508572946594859,4.759343494573358,1
1.3300428424018866,11.991140896266325,1
7.627618135590764,6.6131139954072875,1
6.974240748596245,9.98547129639077,1
5.2716778817483245,10.453320424214532,0
8.597534040722774,10.864186168057834,0
8.251031376550479,11.981026379217251,1
6.26818927957077,5.931971882054943,0
8.814441524619328,4.322806614877598,0
2.8525708903309144,7.289532143956688,0
2.007276574579551,5.040645358631576,0
3.4277465036529065,4.179407113296441,0
1.5137817048038338,6.883414617131889,0
5.780525752009288,10.269906008601891,1
9.429451230654653,8.529445529800567,1
1.3540918660165868,6.502223913682832,0
2.098989226090241,9.234736043941759,0
5.069791254550918,5.856145442470486,0
9.404875157751144,4.11505156857668,0
3.8454049447907543,10.114827091491419,0
5.565113278195532,8.989944678912073,1
1.3741557314535289,10.098420996007679,1
2.3350888086587998,4.311504133501325,0
9.879671106629623,10.696957022645218,1
9.68606826792441,8.956209600290427,1
1.0444598284096864,8.507162805701121,1
9.566306068809151,8.996912384916254,1
6.752079440339504,10.915465974946912,1
8.811264650680199,8.695492052471256,1
5.092658700704732,8.647603039105434,1
5.640364257213252,11.925433256526127,1
5.399619222312282,10.053841336548544,1
7.001778317914939,7.538350443609082,1
2.256861292806816,9.659176000263422,0
1.2697623088541015,7.113843773534308,0
3.7713694743207182,5.831003699867992,0
7.342126864629821,8.774815015102075,1
2.816681069106535,11.425456784911612,0
7.060891899924256,11.433116160123703,1
9.729208414965434,6.7352422248439225,1
1.8451064421047656,8.22141972977356,0
7.053419064026136,5.69308718855889,0
4.993751973741141,11.965048875991068,1
8.813280289397548,11.848943262943486,1
2.594348105026473,9.19607143765958,0
7.23363357003548,10.435312477419787,1
8.543037606832993,9.7208012902696,1
9.501527975266209,8.745265752315746,1
7.1492322546068126,4.426783975911182,0
5.474572876075846,7.638114740421289,1
6.560625161810925,9.398290417339284,1
8.820144860308464,9.420252911069477,1
6.1354877197494675,6.984980947379069,1
1.2734835372715319,11.533535893264244,0
9.3785382595628,5.338856257894248,0
7.20574075928405,8.002875569724484,1
7.088620471995219,9.527071812406582,1
2.9410763715794546,9.577086447134473,1
6.929969232093915,9.189111654150524,0
4.544779650887426,6.202305707614881,0
6.861096793373429,5.249652549492976,0
1.9593372727719165,9.087522614613686,0
6.920607741427324,8.794416929115503,1
9.994723531936,5.434848082313928,0
1.4339083497450043,9.641113164564507,0
9.794567657991855,7.641375933869251,1
4.662171646505835,9.342084732825224,1
8.836781053035333,10.698936638161205,1
8.04146935652446,5.357827428615385,0
6.10314634888001,4.153158943974693,0
7.646042883261939,10.232820691166294,1
8.906640051712131,8.877579401220927,1
4.637262894859297,9.597116556976975,0
3.943298454069148,10.70523979990914,0
7.0083404700722625,10.422487478596004,1
8.270613477471327,11.687361175430597,1
7.860566212989542,8.287480630816946,1
8.18032283972771,7.907965061279243,1
4.920249833316397,7.215097599125841,0
8.360507945575193,5.229528342753636,0
2.081881498335476,8.58085786305618,0
5.900401881647646,6.21610019460783,1
1.0518279444830942,11.370460097703804,0
3.9212724691024325,8.66552643421678,0
4.298153813842581,8.74272144406488,1
4.565554224483298,6.83939728701608,0
7.25920486020876,4.41591481582166,0
4.4970229114331115,4.253950122983909,0
5.038242603602776,7.38668115322558,1
3.1378971778689473,4.676523024777903,0
4.35926612466406,8.854775644321112,0
3.045426645368363,11.04778404511726,0
1.6587633139159927,11.063318532149777,0
6.431037340432401,9.27236328105786,1
7.013915186995146,5.689854651783448,0
6.575413114086531,10.903974650870977,1
5.171446394205152,11.088747482505665,0
4.418072021613068,5.57322867962367,0
8.770002846146427,9.899408686165419,1
5.671736066225963,6.292156391416984,0
5.312636898667579,10.421122498823436,1
1.2307785922579213,11.977903199228821,0
4.071230448635407,4.2402080426351425,0
4.421760569072713,11.178926926327456,0
4.589405028072104,8.981044268789265,0
6.221551323045991,11.78706095331857,1
5.802422920541906,7.720076140211421,1
6.471145835141002,10.779103444570989,1
7.883949353879155,4.499152548786218,0
8.316871648444842,6.682232400626366,1
7.46310768603845,4.53613230200968,1
9.599713263594412,11.802745067832564,0
1.1640932440872547,10.535791258174694,0
2.7620018711519148,10.820379369967764,0
1.068065874803279,11.503721851471154,0
6.827272427391427,4.680827888958283,0
9.082274940549881,7.084780740106667,1
3.1913406691866935,4.568279112352017,0
9.34331090316676,5.686344812400229,0
1.5424065126060476,5.834926216301379,0
9.409924241249628,7.7528576883806295,1
4.16460418515671,6.148497339629141,0
1.9127874560429485,4.807824854542089,0
5.372845832676931,5.339928712752862,0
3.3109891094845714,5.178204508416727,0
3.5638561176573056,11.784614383298386,0
3.765609684336579,10.07434005534779,0
8.22723308049397,11.742091722156495,1
5.85245149007729,7.517923892063268,1
3.8017692924040327,6.226947853301253,0
6.493004049798265,10.386345577673493,1
7.445356068008742,6.610031344329174,1
3.453616006601804,6.395066989642786,0
4.7219419137281635,5.8600479376626495,0
2.096974840032528,5.037431825793883,0
2.630344145812123,6.051704488134128,0
7.130060685684845,6.842557987791102,0
2.6329451292606425,9.391953665165843,0
5.726470453003541,4.500518737755613,0
7.381416355501894,5.684055517322744,0
1.9618923078526946,10.472189122333411,0
6.105809976660132,5.175375388670166,1
3.309065053312274,6.741161172180172,0
9.666341877138219,10.91727137486512,1
5.351910820479323,5.239402489147541,0
8.253932947976423,4.661894684945519,0
5.952038879406356,7.876303960640087,1
1.3907127956933725,6.419356090228291,0
6.698362380346201,8.507266915870833,1
9.562630079859913,10.430439123867801,1
6.414506381316981,5.097187905221945,0
8.372699734841111,8.64559267643428,0
8.957858170135669,8.04407008311891,1
3.0527179475403923,5.1526302881055965,0
2.90840355917404,8.99198788423186,0
6.498828899658926,6.189123342886173,1
4.699256228260342,7.9026745483521,0
8.558751725800484,4.658178594216495,0
9.1002081105821,7.676672457708984,1
4.180792413724463,6.451707744342563,0
3.1318350307703384,10.579049689482835,1
8.024729637194756,4.455829815978946,0
3.4732543199332246,7.3488581993466395,0
8.403528866623105,7.667451393051504,0
4.813644282838865,9.800048610392949,0
7.0079490936232345,8.594300600721688,1
1.8598178245120136,9.33769869755345,0
6.614733922089157,10.216394285214049,1
5.065909108635062,10.89762378926551,0
6.279476168579267,6.511003973779764,0
2.5121278697037708,8.304181642911225,0
7.631863704497639,10.720864627513599,1
8.765173697889058,11.915609047720451,1
2.9506582008169806,11.116154488350105,0
1.8614309996814555,6.971738100995014,0
1.2127472744170276,5.561332137749203,0
6.777743503989394,7.91514029925271,0
6.463846324799027,9.933131614688339,0
5.92027671442663,7.940552566026381,1
3.087523865043779,7.865446906509348,0
4.518153963149632,10.705843368654405,0
6.350287016675558,6.891230232537491,1
5.470901729732525,10.878357398493165,1
9.890069681933985,7.254438407613788,1
2.227957773010598,6.625864845426715,0
7.256300986428344,7.631919289597592,1
4.638868912938629,10.099575669398948,0
4.853796534330533,5.008016222911954,1
7.458379890923586,5.571353726976139,0
7.231925361919327,11.611558605304737,1
9.921303943319694,5.403933019050859,0
2.155548605087127,8.541818543448436,0
1.936986844457497,8.634515733295503,1
7.51904935415867,7.916995696401958,1
6.205482253057681,9.157961988614549,1
3.4674459990382527,5.838613806380947,0
1.7147743209008794,8.421298142213985,0
1.770924246367875,6.977386041975177,0
9.047717871977065,9.293338077033512,1
2.726805922468686,5.129788346985196,0
3.9103440590396867,8.567019334715809,0
3.039907620042892,5.48216284306659,0
4.194966752487436,6.229144504920291,0
1.6248145847148403,5.749678402588666,0
5.671538118174434,5.462702238950537,0
1.6085130723299341,10.605687612485337,1
8.203208570401255,6.285660541287123,0
3.103408737193897,11.416990254915595,0
5.860107231440596,11.759412202761528,1
8.920711788053124,8.570083759496779,1
6.8578963214247475,5.144008981325811,0
5.796620078962018,6.99638594703665,1
3.9190037780383804,10.381858106785712,0
3.9970172175237813,6.939125829576564,0
7.025382596783711,4.69613774642231,0
9.947254250990508,8.454279287425503,0
6.9565527086444074,10.760966811968277,1
6.020050756330225,10.367411097148018,1
7.575854592153215,5.400985121042826,0
5.186850510553463,9.382116915299733,1
1.541281083407067,5.764034107485177,1
6.0606713429011885,5.745660276417378,0
9.618627560548422,10.99257418644148,1
2.577726481218937,5.997351621921841,0
7.210044017385991,6.1059787721440895,1
2.8084031979315083,4.005227126090396,0
5.822449160257731,10.965352273004141,1
1.8700880468204766,10.340758505673078,0
5.053338426323666,9.018631480725425,1
7.805469960057215,10.002126111510737,1
4.128143718150839,5.216388539395934,0
6.984205520384962,7.6665887567006035,1
8.159049647107562,6.809755098790247,1
9.344600375315075,4.750212210056132,0
3.111778736699082,7.889043881719393,0
4.593843242283773,11.365917202741084,0
2.371744119973757,4.320472952405556,0
9.932351519425376,6.331687307950351,1
9.343008711318658,5.660327489645628,0
5.859614172525037,5.9051732293255705,0
8.578299649387791,11.267476415035002,1
5.6886217954483795,7.744552433874321,1
6.612271192024838,7.73039530351855,1
1.8021198890441497,10.084605139642258,0
7.797433784471272,5.235937632039406,0
2.1494213527171135,7.898122832800406,0
8.434608672272756,7.439881712968478,1
8.038252789033473,8.775285524373249,1
7.378702279686788,11.996461626003509,1
1.325443424722859,10.155591152656378,0
3.7281552035079573,7.1829256241394175,0
3.368013129197586,10.620424418192375,0
4.241227667243672,5.3656669064998415,0
1.7887847208745469,4.243709490471681,0
9.432620407279565,5.635586979714184,0
5.9842201664113865,6.723292448914077,1
3.749718795922212,8.08464605967648,1
4.5728336536685505,8.921033124329599,1
5.024822864543521,11.284845737715374,1
6.405349000245556,8.07883207640366,1
5.6411148492684795,8.010205157005835,1
9.274527758929755,4.401944078583857,0
5.472671346152472,4.2792924212497905,0
9.929422133409814,8.409279695330977,1
8.662824619705862,7.505428905986756,1
2.8765946292160223,10.713443159842388,0
9.375356931795245,5.285436677694761,0
2.0472975809692846,4.199773296936397,0
8.357047376420724,7.592310143441007,1
4.4256096412892205,5.89982845401806,1
8.901768884005627,4.3969149867107,0
8.812510210967053,9.796786294781032,1
8.253328601058591,4.89274399965798,0
8.110273926763552,8.866556000062173,0
3.742112251882367,6.248398001335113,0
1.7282735474612696,5.387968402840176,0
4.626821608886453,7.03801218335454,0
2.561720634878578,10.41156620978363,0
7.254559800122156,7.1367486152365815,1
4.11489753884007,10.006157193688445,0
9.780491807739233,5.0038903743932055,0
6.768748696107988,10.182171357320634,0
8.40232507270925,5.895466599253189,0
2.192722054676636,9.419145039110983,0
8.758130340453603,8.52625243872797,1
9.30481471462055,11.433157737693499,1
5.3835572693704234,7.098580143802512,1
6.456276439758797,4.529321510675524,0
7.883288208126959,4.153243884410023,0
2.573547645343713,10.614868487782026,0
5.523094688170982,8.197885101291458,1
4.587967249950818,10.201952414679594,0
2.317365929460242,5.8754048000921175,0
4.307809800623783,6.76066996410587,0
1.6135507844694421,4.2408309776905515,0
1.232307162545383,11.691938596592898,0
2.2164966023934047,9.342943253606506,0
9.668036004302564,11.465640702074449,0
5.945765823055153,6.123971259432579,1
9.69239945037898,8.891708889805287,1
4.892480904971188,9.427999746341102,0
3.806345197767336,6.5403976020607075,0
5.555276765562197,10.78487388012504,1
4.955605197696191,11.577291703201983,1
1.9509821583556952,11.078840941568036,0
6.767436832211856,9.912535807514981,0
2.9443436425863965,6.219717437799632,0
6.576291594080466,6.252928336845054,1
6.85180983158338,11.706882563568303,0
2.368223678157833,4.082275967485536,0
1.5521466439960134,9.728399785937157,1
8.026854274615959,9.649969300442098,1
5.138203813923882,8.98151632759838,0
1.523474159549282,11.920870768694925,0
9.953796854527905,6.495035486109802,1
1.5200250489672997,6.719774910345985,0
7.255317059726979,4.631515223572444,0
9.853110327370722,7.5423850923499,1
3.1526209379433308,6.088388209878785,0
2.2802443181847654,6.747093617421154,0
2.09246445480186,10.67657432204502,0
3.72947632810836,11.483876108219967,0
1.9094122990958202,5.485864576041485,0
7.229452075247187,6.980071452427727,1
1.5606261831705641,11.429044496923153,0
5.584799153348108,4.494467685513781,0
9.970271684676792,4.738884224891028,0
8.325732425554168,5.302327913649835,0
6.536974944079098,8.761702673014998,0
3.756282587079505,5.20377816804798,0
6.6150625266247465,11.744611051605869,1
5.743373175204865,7.573716218068163,1
4.834750455013343,8.01214368280133,0
2.1763933906617954,5.973268926443252,0
8.9794379371642,7.767682019477868,1
5.048061839391902,9.295309061096091,1
2.7516026063868857,10.009417095632342,0
4.309834157895606,10.030944661679303,0
4.727167772760343,8.623128901552708,0
8.447841060101869,11.234878199950858,0
7.6025294250526185,10.539262778448876,1
7.923744042772058,10.056384917589003,1
1.099281379857825,4.444844173443685,1
4.745385983617854,4.0550236977571945,0
5.332097364717913,5.699578217563784,0
1.1727304914075103,9.308188751307618,0
3.3383188787053077,7.2895799110603665,1
7.842608408099215,7.219250074394494,0
2.2339873515609914,11.07669510583691,0
5.817791183073325,11.16450278505471,1
2.9368168481551375,11.273402112428686,0
1.1090869717950396,6.511024612120218,0
3.1708131183958734,9.528446501914093,0
9.782863794190485,6.173065450194957,0
8.213834006946907,5.524878664595598,0
9.636189798889301,5.477059658778954,0
5.390686395337262,6.736860966908752,0
1.9876257880975317,7.439660958238574,0
5.931635400763237,10.647593368440546,1
5.089396011039648,4.959128747781697,0
8.599213744656543,9.879406779159154,0
1.8827432270582012,8.251639313514442,1
5.394170233196004,6.30356274140794,0
2.3504379822458583,7.942556676262597,1
3.9220833420105397,6.399536558216181,0
7.636213696490197,8.768655641906449,1
5.284163164318898,7.470751382841954,1
4.382994566311924,5.31524423263103,0
4.550286507130318,4.932664596445574,1
5.13502091565388,8.37356545657704,1
8.065148894533511,11.219304266288827,1
9.02876220046211,6.751661492461484,1
9.598012178535354,9.864000857780987,1
8.082130476297657,9.269290839518135,1
3.8386620617321148,11.452439314475848,0
7.193212354778879,10.567848138393128,1
4.938428116498527,8.532842071243703,0
3.2920355984144605,9.256243985872858,0
8.567844214833304,11.187091732672279,1
1.345837140660925,7.196150276695478,0
9.115857929218812,6.614357646862219,1
5.153297181622607,4.086488669081571,0
6.7348132912745236,10.612408593531715,1
6.934185299852045,10.407845603226919,1
9.056059666358827,4.835636144801211,1
6.730027139504866,8.614859049061602,1
6.525402262840556,7.711853585335099,1
1.5998683650462096,4.949672764072892,1
5.6656721975068365,11.844545816485788,1
2.3515210073533748,5.7175670997068435,0
7.6369039184933705,4.537873440724489,0
5.60999728731407,8.758779036015277,0
7.12205001287518,9.91093341706426,0
1.3750561054214585,4.259547568377496,0
1.7631281444122289,9.269741109816177,0
7.4469104925641405,8.258335007611635,1
1.6487590239880603,4.826120071000387,1
1.6413105498873275,5.3801910155708965,1
1.108976277113987,8.543794378528645,0
9.60851258469532,6.370860908106307,1
7.637575235131062,11.506525829210528,1
4.179262676518578,10.549921835872407,0
3.668820231588897,11.868537652109303,0
4.147329067712646,6.077366711603312,0
7.971881780630636,11.757789062383816,1
6.95233549963373,7.449870958332463,1
2.6667601108072114,6.780150362510037,1
2.5669840180067593,4.402796215754826,0
1.8855608474205758,4.422122062876821,0
6.942724477312043,9.536090047573238,1
7.8793539599956235,7.663431955472223,0
3.385417854925036,5.812173008288846,0
1.1885046492782152,8.911762450601861,0
1.739545007287846,6.022864946000889,0
9.710740313605275,8.621054034755382,1
3.659002997296782,6.873669975861523,0
7.923008330543203,10.588417812894551,1
6.621972119688374,10.565569286134235,0
4.437456756876063,7.818803184979211,0
2.851185359759996,6.806552874680125,0
2.092477763434658,6.900478372472756,0
6.5351167123498,10.445716205345743,1
7.971704025740092,6.625435862380896,1
6.795138281870176,5.672474989654768,0
5.772719199242425,4.677506735002455,0
1.3775610108847265,7.733544967075267,0
9.716398998349455,7.857056791358735,1
8.18842772489117,10.727269683223257,1
3.6353983303086825,5.769909571568512,0
9.819732964229656,7.047930189347199,0
6.416934306726899,10.467245911149528,1
6.241803923865218,10.588988885991789,1
7.732658614865789,7.076888607830146,1
8.305928092811238,7.672992186293447,1
6.9083074659835235,6.426287126794263,1
2.1528617172958002,11.460439027354496,1
4.044407553950485,4.9491501259326425,0
9.352752762934447,11.46999538401176,1
3.0215405065946674,9.470931614682746,0
4.34950321453762,8.25257722149385,0
4.888691946497763,4.261272486275967,0
4.95464490725007,7.804769534576066,0
6.5164562424507295,7.261984840021858,1
9.487682539702368,5.2897504958009804,1
3.1662344064925447,9.251276828005256,0
2.0935123867082623,11.769207258946286,0
2.777234408739436,8.497510488516202,0
8.982324101883425,9.718026211551567,1
6.812297313896854,4.547603620528134,0
3.573161103152441,7.341335966535958,0
8.343522450717554,4.930867881315967,1
8.752329967270924,8.902366684292083,0
8.618629048212503,11.507857265713238,0
9.27033880275599,9.294221859773108,1
3.270169181560254,4.614424386515372,0
7.795377358716505,6.837329639880663,1
5.14485547546726,8.405307035526812,1
8.577986976010553,7.225662049066018,1
7.5564160944545185,10.669152083801379,1
7.9880270184975215,10.517368037679914,1
6.905456539129643,8.89464816082577,1
2.596858925227362,6.987663561061642,0
5.905242270072445,6.042690990105953,0
9.862027655720574,4.8469945457050345,0
9.43649259847407,6.839181467892432,1
1.388563622173105,7.305380137661756,0
2.483333341564934,9.406583400832588,0
2.1855589610910573,9.265278594380588,0
7.53381918986766,4.560865117130056,0
8.360067968712507,7.162074523449262,1
2.9216022967960473,5.454230937738895,0
5.552674236566461,5.2545016425344455,0
8.5663272521008,10.618417197897967,1
7.595213902896255,4.33532173373006,0
5.880134849426635,7.353463007216971,1
6.313129214128956,5.3456292461321455,1
5.57524492224652,11.034641725427793,1
3.677936061869385,8.456324106200281,0
6.085197935731145,5.851045091014784,0
7.199967718450816,8.019418297331011,1
8.859906242747268,9.851890877624927,1
6.726622185813232,11.664944071355471,1
7.850093833388422,5.7635680339633515,1
2.4406447145911567,11.08945417703476,0
5.154017269778109,11.474432913339921,1
1.0839845784438396,11.331364356256529,0
3.220109780694607,9.083314854895278,1
7.5381554360170435,9.038565235477662,1
9.926289562144271,7.225685065470582,1
1.8926028962849433,10.019183058430304,0
4.613448842751595,8.250352146807455,0
8.200638718292435,9.419504569826355,1
2.8363207116600897,7.427663230790364,0
5.995764543720576,9.851971712345112,1
7.597641664267073,10.595772140836392,1
6.543869052341611,5.171490052822529,1
2.692222611538745,10.663437724593823,0
4.198461118171655,8.322372254322458,1
8.054126060368574,10.757327272721795,1
5.98803862718815,7.450413650728117,1
1.0470665218862147,7.03232388306428,0
7.848916840252844,11.32048586013778,1
1.3178021944621516,6.00935414038721,0
7.711604044581089,10.753698602289145,1
2.8223250414871366,7.872164580075233,0
9.622661321074421,8.112763540410079,1
4.31146676171876,6.467746251915872,0
3.942384547042712,8.584337604952125,0
2.339992452992002,6.6016895702096905,0
3.750437939411934,4.3141553139332185,0
8.889856856453804,6.175988842754848,0
9.967009038645227,4.051032347252725,0
4.314785774561635,11.826838296454852,0
5.037495678590883,11.72597767855798,1
7.498638443824634,7.16124237977844,1
8.97576202418567,9.826966834717169,0
6.337399007681057,6.7664487872834,1
4.523731283600464,9.36874525668781,0
4.713596567637614,10.443440344367833,0
7.260563318471262,11.574049957537927,1
1.0289643724385082,7.201698206797376,1
6.576304037138566,10.266383863648382,1
4.199437093972216,6.12742760505695,0
8.147775981493758,11.922658430349188,1
1.8369157584081894,4.206156790114809,0
6.2938204025355144,8.828230452008967,1
5.328756008975113,9.276047853210617,1
6.780929733147047,9.50436445659303,1
1.5836823503467152,4.963100630312712,1
6.219854086853181,11.508238267785043,1
6.053361291635714,5.449466232400662,0
6.045940849745539,8.982027225918728,1
6.431388999368093,5.78140863298468,1
7.08821143503726,6.457731336170167,1
8.244900997126928,8.371668333824996,1
3.428386481153929,7.337547348516612,0
8.425444691620559,5.28180480781205,0
5.484301140371082,5.367491219366786,0
1.6935245122089806,7.345158305302397,0
1.5269583631958128,10.058263826204005,0
4.008144868264547,11.18371717478231,0
8.064072794003208,4.673021298075063,0
7.369128412668242,7.1448312604752084,0
8.09753468205166,4.801964509783013,1
5.655421507974484,4.132739845060783,0
4.961790981599415,9.293749461151652,0
2.3270727403565554,8.819595535732702,0
3.953734782483804,5.30415291051909,0
4.9061742955648775,5.870502664744513,0
1.797403867116555,4.189662029156147,0
2.985507574400901,10.67957764555523,0
6.384027646573649,11.797524768388412,1
7.620968028152708,5.083676294357526,0
9.985127602536547,5.851801710122385,0
9.39801998209202,10.947276191575472,1
6.783086795816724,11.411710383649478,1
4.791232479646649,7.357019062454483,0
6.725596282374094,4.404979778152593,0
8.070864562722088,4.315134669542555,0
2.065025718310486,8.591598928552084,0
4.689144007266594,7.143160871145432,1
8.558220570720554,4.229219420621236,0
4.4544965673973955,8.666019138500454,0
6.146850441044679,4.09042029271218,0
6.289924247759784,10.298975665194185,0
2.6602862782027543,6.451462581626973,1
4.260118974870595,4.322064024073857,0
4.01060159867739,8.706817767865227,1
1.235770376788583,7.1814753154644375,0
1.217725875022197,11.790403306857197,0
8.485273393081961,8.353589300029618,1
3.457637289755312,6.201913448296066,0
5.662708896149339,9.675510917071797,0
3.6885301622989575,6.171936020341691,0
9.466113206038065,11.23394633126052,0
3.3336708297919637,6.9977757640590115,0
4.866911314650416,8.398948502209642,0
8.854572254361416,4.404584830593831,0
8.577402101126278,7.408969903617846,1
2.674912760616496,10.65890831728796,0
8.223789788161394,10.445190442906735,1
5.123681980641034,5.79454847082821,1
5.346719848768197,5.8086325680845015,0
2.201319751743494,10.538442497705894,0
1.7254136238141218,11.443187361354603,0
7.551453762763886,4.762887370184028,0
5.468150371197698,7.600469115409802,0
4.931656323536616,6.699634231713832,0
7.5655740578715704,10.965507643659514,1
7.889616090919988,4.66819931744015,0
2.430173509024182,5.689007540464299,0
6.492026345298772,10.019746700691954,1
2.2181867404991698,4.410350791849725,0
7.762375774261411,7.940283045714314,1
6.912596406404256,7.53685627743776,1
9.609531589751121,6.675209431909989,1
1.6206221472077906,7.15657852255139,0
1.5134924903612887,8.239524695441863,0
3.539683672238801,5.290938867107065,0
